,Depot,C1,C2,C3,C4,C5,C6,C7,C8,C9,C10
Depot,0.0,4.247156368736006,4.873434006493624,2.288897930479615,2.621575538089715,3.9058635592695783,4.788015722690894,4.981547178471528,6.029696202050232,3.023596748822277,1.8314433334763651
C1,4.709207945959832,0.0,5.354802518980431,2.766021523252966,7.288508050605066,3.652213808264251,9.454948235206242,6.239817144045166,7.27992843997412,2.575250196683439,3.7747683549500346
C2,3.2781860151820976,4.013625838282073,0.0,1.3349995924752323,5.857486119827331,5.808548782144144,8.023926304428512,4.569340578648777,5.592796087039186,1.956661781365418,2.343746424172301
C3,1.9431864227068651,2.678626245806841,2.744535157120972,0.0,4.522486527352098,4.473549189668914,6.688926711953279,3.640601847476123,4.669661078114662,0.9500409856092664,1.0087468316970685
C4,3.0060383416825656,7.210919276974088,7.362875894187015,5.2526608387176985,0.0,6.869626467507662,2.185037645655379,4.529661567290435,5.57781059086914,5.9873596570603596,4.795206241714449
C5,3.8882459249085892,3.569386186641099,7.138569131295649,4.554033055281641,6.509821462998305,0.0,8.676261647599484,8.04023954389893,9.06369505228934,4.661388400373134,4.09657845827839
C6,2.3458637862686476,6.550744721560169,7.177022359317789,4.5924862833037805,2.449250012178776,6.209451912093743,0.0,6.258899909078875,7.307048932657579,5.3271851016464415,4.13503168630053
C7,5.054093901655126,5.795063493140796,2.8332143268965795,3.1164372473339568,4.151071084433645,7.584456668617173,6.317511269034826,0.0,1.048149023578704,3.7380994362241418,4.119654310645329
C8,4.029362615717081,5.59882731849549,4.12943251519423,2.9283805718887423,3.1029220608549397,7.378719891308856,5.2693622454561195,1.296218188297651,0.0,3.878421557498009,3.913917533337012
C9,2.6143571676966633,3.012204568537153,3.0839920543197015,0.6711707449897987,5.193657272341897,5.086510529975619,7.360097456943078,3.985662466922981,5.00911797531339,0.0,1.6799175766868675
C10,1.309823468567256,3.549976330415207,4.176253968172826,1.5917178921588166,3.931399006656971,3.6781021600790753,6.097839191258152,5.077924380776106,6.101379889166514,2.326416710501477,0.0
